gender,PV1MATH,PV1READ,PV1SCIE
Female,438.21774,451.1505,451.93356
Male,444.17636,426.22427,449.68616
