gender,PV1MATH,PV1READ,PV1SCIE
Female,438.05466,450.76144,451.7096
Male,443.6646,425.74878,449.20255
