immigrant_status,PV1MATH,PV1READ,PV1SCIE
First-generation,464.2643,457.09326,469.7156
Native,440.22092,438.82144,450.5774
Second-generation,469.04956,464.99506,473.37833
