,SES-Math,SES-Reading,SES-Science
0,0.4418311634349152,0.4057869412592797,0.4198747411070135
