,Missing Count,Missing Percentage
SCHSUST,240918,39.25382569931437
TEACHSUP,96015,15.644144790010166
DISCLIM,70911,11.553840037540082
BELONG,52405,8.53857634453453
IMMIG,44699,7.2830039886336975
HISCED,29696,4.838499439505722
ESCS,25468,4.149612867905837
GRADE,24448,3.98341979717928
HOMEPOS,15730,2.5629578456164133
ST004D01T,79,0.012871816262154907
PV1READ,0,0.0
PV1MATH,0,0.0
AGE,0,0.0
PV1SCIE,0,0.0
