,Count,Percentage,Min Outlier,Max Outlier,IQR Range,Z-score Range,Final Range
ESCS,9255,1.5417342719782507,-6.8407,7.38,"[-7.73, 6.61]","[-3.13, 2.50]","[-3.13, 2.50]"
HOMEPOS,8147,1.3571592775588126,-10.074,15.2402,"[-7.97, 6.85]","[-3.36, 2.47]","[-3.36, 2.47]"
SCHSUST,30455,5.073313587584833,-2.8699,2.8003,"[-5.47, 6.11]","[-2.06, 2.11]","[-2.06, 2.11]"
DISCLIM,18446,3.0728071724376895,-2.6027,-2.3296,"[-6.38, 6.71]","[-2.32, 2.38]","[-2.32, 2.38]"
TEACHSUP,14883,2.4792686299138094,-3.2543,-2.7048,"[-6.59, 6.44]","[-2.58, 2.75]","[-2.58, 2.75]"
BELONG,30055,5.006680015592256,-3.5037,3.1727,"[-6.36, 7.20]","[-2.41, 2.21]","[-2.41, 2.21]"
