,Outlier Count,Outlier Percentage
ESCS,3382.0,0.5510440835266821
HOMEPOS,3198.0,0.5210641570426758
BELONG,2287.0,0.37263093407023123
PV1MATH,1113.0,0.18134596835162545
PV1SCIE,688.0,0.11209885554889336
PV1READ,626.0,0.10199692379884774
AGE,0.0,0.0
SCHSUST,0.0,0.0
DISCLIM,0.0,0.0
TEACHSUP,0.0,0.0
